,id,sport_key,sport_title,commence_time,home_team,away_team,bookmakers
0,310379ad83b88304c50228535acc3200,cricket_odi,One Day Internationals,2022-08-05 07:15:00+00:00,Zimbabwe,Bangladesh,"[{'key': 'betfair', 'title': 'Betfair', 'last_update': '2022-08-05T11:36:10Z', 'markets': [{'key': 'h2h', 'outcomes': [{'name': 'Bangladesh', 'price': 1.05}, {'name': 'Zimbabwe', 'price': 19.0}]}, {'key': 'h2h_lay', 'outcomes': [{'name': 'Bangladesh', 'price': 1.06}, {'name': 'Zimbabwe', 'price': 20.0}]}]}, {'key': 'unibet', 'title': 'Unibet', 'last_update': '2022-08-05T11:36:51Z', 'markets': [{'key': 'h2h', 'outcomes': [{'name': 'Bangladesh', 'price': 1.05}, {'name': 'Zimbabwe', 'price': 10.0}]}]}]"
1,659afd80c8c22983ff668934f0cf7a10,aussierules_afl,AFL,2022-08-05 09:50:00+00:00,Melbourne Demons,Collingwood Magpies,"[{'key': 'unibet', 'title': 'Unibet', 'last_update': '2022-08-05T11:36:39Z', 'markets': [{'key': 'h2h', 'outcomes': [{'name': 'Collingwood Magpies', 'price': 3.25}, {'name': 'Melbourne Demons', 'price': 1.32}]}, {'key': 'spreads', 'outcomes': [{'name': 'Collingwood Magpies', 'price': 1.8599999999999999, 'point': 13.5}, {'name': 'Melbourne Demons', 'price': 1.9, 'point': -13.5}]}]}, {'key': 'betfair', 'title': 'Betfair', 'last_update': '2022-08-05T11:36:40Z', 'markets': [{'key': 'h2h', 'outcomes': [{'name': 'Collingwood Magpies', 'price': 4.0}, {'name': 'Melbourne Demons', 'price': 1.2}]}, {'key': 'h2h_lay', 'outcomes': [{'name': 'Collingwood Magpies', 'price': 5.9}, {'name': 'Melbourne Demons', 'price': 1.34}]}]}, {'key': 'fanduel', 'title': 'FanDuel', 'last_update': '2022-08-05T11:36:41Z', 'markets': [{'key': 'h2h', 'outcomes': [{'name': 'Collingwood Magpies', 'price': 4.2}, {'name': 'Melbourne Demons', 'price': 1.21}]}]}, {'key': 'draftkings', 'title': 'DraftKings', 'last_update': '2022-08-05T11:36:42Z', 'markets': [{'key': 'h2h', 'outcomes': [{'name': 'Collingwood Magpies', 'price': 4.6}, {'name': 'Melbourne Demons', 'price': 1.18}]}, {'key': 'spreads', 'outcomes': [{'name': 'Collingwood Magpies', 'price': 1.87, 'point': 15.5}, {'name': 'Melbourne Demons', 'price': 1.87, 'point': -15.5}]}]}, {'key': 'barstool', 'title': 'Barstool Sportsbook', 'last_update': '2022-08-05T11:36:42Z', 'markets': [{'key': 'spreads', 'outcomes': [{'name': 'Collingwood Magpies', 'price': 1.83, 'point': 13.5}, {'name': 'Melbourne Demons', 'price': 1.92, 'point': -13.5}]}]}, {'key': 'twinspires', 'title': 'TwinSpires', 'last_update': '2022-08-05T11:36:43Z', 'markets': [{'key': 'spreads', 'outcomes': [{'name': 'Collingwood Magpies', 'price': 1.83, 'point': 13.5}, {'name': 'Melbourne Demons', 'price': 1.92, 'point': -13.5}]}]}, {'key': 'williamhill_us', 'title': 'William Hill (US)', 'last_update': '2022-08-05T11:36:41Z', 'markets': [{'key': 'h2h', 'outcomes': [{'name': 'Collingwood Magpies', 'price': 5.75}, {'name': 'Melbourne Demons', 'price': 1.1400000000000001}]}]}]"
2,ce69df8a159f0426f343c43269d00ab5,rugbyleague_nrl,NRL,2022-08-05 10:00:48+00:00,Manly Warringah Sea Eagles,Parramatta Eels,"[{'key': 'fanduel', 'title': 'FanDuel', 'last_update': '2022-08-05T11:36:36Z', 'markets': [{'key': 'h2h', 'outcomes': [{'name': 'Manly Warringah Sea Eagles', 'price': 2.64}, {'name': 'Parramatta Eels', 'price': 1.47}]}, {'key': 'spreads', 'outcomes': [{'name': 'Manly Warringah Sea Eagles', 'price': 2.1, 'point': 3.5}, {'name': 'Parramatta Eels', 'price': 1.71, 'point': -3.5}]}]}, {'key': 'unibet', 'title': 'Unibet', 'last_update': '2022-08-05T11:36:34Z', 'markets': [{'key': 'h2h', 'outcomes': [{'name': 'Manly Warringah Sea Eagles', 'price': 2.65}, {'name': 'Parramatta Eels', 'price': 1.44}]}, {'key': 'spreads', 'outcomes': [{'name': 'Manly Warringah Sea Eagles', 'price': 2.1, 'point': 3.5}, {'name': 'Parramatta Eels', 'price': 1.6800000000000002, 'point': -3.5}]}]}, {'key': 'barstool', 'title': 'Barstool Sportsbook', 'last_update': '2022-08-05T11:36:37Z', 'markets': [{'key': 'h2h', 'outcomes': [{'name': 'Manly Warringah Sea Eagles', 'price': 2.65}, {'name': 'Parramatta Eels', 'price': 1.43}]}, {'key': 'spreads', 'outcomes': [{'name': 'Manly Warringah Sea Eagles', 'price': 2.1, 'point': 3.5}, {'name': 'Parramatta Eels', 'price': 1.6800000000000002, 'point': -3.5}]}]}, {'key': 'twinspires', 'title': 'TwinSpires', 'last_update': '2022-08-05T11:36:36Z', 'markets': [{'key': 'h2h', 'outcomes': [{'name': 'Manly Warringah Sea Eagles', 'price': 2.65}, {'name': 'Parramatta Eels', 'price': 1.43}]}, {'key': 'spreads', 'outcomes': [{'name': 'Manly Warringah Sea Eagles', 'price': 2.1, 'point': 3.5}, {'name': 'Parramatta Eels', 'price': 1.6800000000000002, 'point': -3.5}]}]}, {'key': 'draftkings', 'title': 'DraftKings', 'last_update': '2022-08-05T11:33:29Z', 'markets': [{'key': 'spreads', 'outcomes': [{'name': 'Manly Warringah Sea Eagles', 'price': 1.9500000000000002, 'point': -2.5}, {'name': 'Parramatta Eels', 'price': 1.77, 'point': 2.5}]}]}, {'key': 'williamhill_us', 'title': 'William Hill (US)', 'last_update': '2022-08-05T11:36:36Z', 'markets': [{'key': 'h2h', 'outcomes': [{'name': 'Manly Warringah Sea Eagles', 'price': 2.9}, {'name': 'Parramatta Eels', 'price': 1.53}, {'name': 'Draw', 'price': 14.0}]}]}, {'key': 'betfair', 'title': 'Betfair', 'last_update': '2022-08-05T11:36:34Z', 'markets': [{'key': 'h2h', 'outcomes': [{'name': 'Manly Warringah Sea Eagles', 'price': 2.0}, {'name': 'Parramatta Eels', 'price': 1.54}]}, {'key': 'h2h_lay', 'outcomes': [{'name': 'Manly Warringah Sea Eagles', 'price': 2.9}, {'name': 'Parramatta Eels', 'price': 2.0}]}]}]"
3,1a3c101e1d67d057be472e15ece80370,soccer_korea_kleague1,K League 1,2022-08-05 10:05:12+00:00,Seongnam FC,Sangju Sangmu FC,"[{'key': 'fanduel', 'title': 'FanDuel', 'last_update': '2022-08-05T11:36:16Z', 'markets': [{'key': 'h2h', 'outcomes': [{'name': 'Sangju Sangmu FC', 'price': 1.18}, {'name': 'Seongnam FC', 'price': 30.0}, {'name': 'Draw', 'price': 4.8}]}]}, {'key': 'draftkings', 'title': 'DraftKings', 'last_update': '2022-08-05T11:36:17Z', 'markets': [{'key': 'h2h', 'outcomes': [{'name': 'Sangju Sangmu FC', 'price': 1.22}, {'name': 'Seongnam FC', 'price': 29.0}, {'name': 'Draw', 'price': 4.8}]}]}, {'key': 'mybookieag', 'title': 'MyBookie.ag', 'last_update': '2022-08-05T11:36:15Z', 'markets': [{'key': 'h2h', 'outcomes': [{'name': 'Sangju Sangmu FC', 'price': 2.23}, {'name': 'Seongnam FC', 'price': 2.92}, {'name': 'Draw', 'price': 3.24}]}, {'key': 'spreads', 'outcomes': [{'name': 'Sangju Sangmu FC', 'price': 2.21, 'point': -0.5}, {'name': 'Seongnam FC', 'price': 1.5899999999999999, 'point': 0.5}]}]}, {'key': 'bovada', 'title': 'Bovada', 'last_update': '2022-08-05T11:36:17Z', 'markets': [{'key': 'h2h', 'outcomes': [{'name': 'Sangju Sangmu FC', 'price': 1.23}, {'name': 'Seongnam FC', 'price': 16.0}, {'name': 'Draw', 'price': 4.3}]}, {'key': 'spreads', 'outcomes': [{'name': 'Sangju Sangmu FC', 'price': 2.02, 'point': -1.0}, {'name': 'Seongnam FC', 'price': 1.76, 'point': 1.0}]}]}, {'key': 'foxbet', 'title': 'FOX Bet', 'last_update': '2022-08-05T11:36:15Z', 'markets': [{'key': 'h2h', 'outcomes': [{'name': 'Sangju Sangmu FC', 'price': 1.35}, {'name': 'Seongnam FC', 'price': 12.0}, {'name': 'Draw', 'price': 3.6}]}]}, {'key': 'twinspires', 'title': 'TwinSpires', 'last_update': '2022-08-05T11:36:18Z', 'markets': [{'key': 'h2h', 'outcomes': [{'name': 'Sangju Sangmu FC', 'price': 1.19}, {'name': 'Seongnam FC', 'price': 23.0}, {'name': 'Draw', 'price': 4.9}]}]}, {'key': 'barstool', 'title': 'Barstool Sportsbook', 'last_update': '2022-08-05T11:36:17Z', 'markets': [{'key': 'h2h', 'outcomes': [{'name': 'Sangju Sangmu FC', 'price': 1.19}, {'name': 'Seongnam FC', 'price': 23.0}, {'name': 'Draw', 'price': 4.9}]}]}, {'key': 'unibet', 'title': 'Unibet', 'last_update': '2022-08-05T11:36:12Z', 'markets': [{'key': 'h2h', 'outcomes': [{'name': 'Sangju Sangmu FC', 'price': 1.19}, {'name': 'Seongnam FC', 'price': 23.0}, {'name': 'Draw', 'price': 4.9}]}]}, {'key': 'betfair', 'title': 'Betfair', 'last_update': '2022-08-05T11:36:12Z', 'markets': [{'key': 'h2h', 'outcomes': [{'name': 'Sangju Sangmu FC', 'price': 1.29}, {'name': 'Seongnam FC', 'price': 28.0}, {'name': 'Draw', 'price': 4.8}]}, {'key': 'h2h_lay', 'outcomes': [{'name': 'Sangju Sangmu FC', 'price': 1.31}, {'name': 'Seongnam FC', 'price': 44.0}, {'name': 'Draw', 'price': 5.1}]}]}]"
4,d7338111be779e6bc182b4c7220ac185,soccer_korea_kleague1,K League 1,2022-08-05 10:31:57+00:00,FC Seoul,Jeju United FC,"[{'key': 'fanduel', 'title': 'FanDuel', 'last_update': '2022-08-05T11:36:16Z', 'markets': [{'key': 'h2h', 'outcomes': [{'name': 'FC Seoul', 'price': 2.65}, {'name': 'Jeju United FC', 'price': 3.6}, {'name': 'Draw', 'price': 2.25}]}]}, {'key': 'draftkings', 'title': 'DraftKings', 'last_update': '2022-08-05T11:36:17Z', 'markets': [{'key': 'h2h', 'outcomes': [{'name': 'FC Seoul', 'price': 2.5}, {'name': 'Jeju United FC', 'price': 3.8}, {'name': 'Draw', 'price': 2.5}]}]}, {'key': 'mybookieag', 'title': 'MyBookie.ag', 'last_update': '2022-08-05T11:36:15Z', 'markets': [{'key': 'h2h', 'outcomes': [{'name': 'FC Seoul', 'price': 2.41}, {'name': 'Jeju United FC', 'price': 2.64}, {'name': 'Draw', 'price': 3.26}]}, {'key': 'spreads', 'outcomes': [{'name': 'FC Seoul', 'price': 2.38, 'point': -0.5}, {'name': 'Jeju United FC', 'price': 1.51, 'point': 0.5}]}]}, {'key': 'bovada', 'title': 'Bovada', 'last_update': '2022-08-05T11:36:17Z', 'markets': [{'key': 'h2h', 'outcomes': [{'name': 'FC Seoul', 'price': 2.56}, {'name': 'Jeju United FC', 'price': 3.5}, {'name': 'Draw', 'price': 2.5}]}, {'key': 'spreads', 'outcomes': [{'name': 'FC Seoul', 'price': 2.08, 'point': -0.25}, {'name': 'Jeju United FC', 'price': 1.71, 'point': 0.25}]}]}, {'key': 'foxbet', 'title': 'FOX Bet', 'last_update': '2022-08-05T11:36:15Z', 'markets': [{'key': 'h2h', 'outcomes': [{'name': 'FC Seoul', 'price': 2.45}, {'name': 'Jeju United FC', 'price': 3.6}, {'name': 'Draw', 'price': 2.45}]}]}, {'key': 'twinspires', 'title': 'TwinSpires', 'last_update': '2022-08-05T11:36:18Z', 'markets': [{'key': 'h2h', 'outcomes': [{'name': 'FC Seoul', 'price': 2.48}, {'name': 'Jeju United FC', 'price': 3.5}, {'name': 'Draw', 'price': 2.55}]}]}, {'key': 'barstool', 'title': 'Barstool Sportsbook', 'last_update': '2022-08-05T11:36:17Z', 'markets': [{'key': 'h2h', 'outcomes': [{'name': 'FC Seoul', 'price': 2.48}, {'name': 'Jeju United FC', 'price': 3.5}, {'name': 'Draw', 'price': 2.55}]}]}, {'key': 'unibet', 'title': 'Unibet', 'last_update': '2022-08-05T11:36:12Z', 'markets': [{'key': 'h2h', 'outcomes': [{'name': 'FC Seoul', 'price': 2.48}, {'name': 'Jeju United FC', 'price': 3.5}, {'name': 'Draw', 'price': 2.55}]}]}, {'key': 'betfair', 'title': 'Betfair', 'last_update': '2022-08-05T11:36:12Z', 'markets': [{'key': 'h2h', 'outcomes': [{'name': 'FC Seoul', 'price': 2.7199999999999998}, {'name': 'Jeju United FC', 'price': 3.85}, {'name': 'Draw', 'price': 2.6}]}, {'key': 'h2h_lay', 'outcomes': [{'name': 'FC Seoul', 'price': 2.76}, {'name': 'Jeju United FC', 'price': 4.1}, {'name': 'Draw', 'price': 2.66}]}]}]"
5,08e1bcb6a144ce85fbe0dd557ab4172f,soccer_china_superleague,Super League - China,2022-08-05 11:30:00+00:00,Hebei China Fortune FC,Chengdu Rongcheng FC,"[{'key': 'betfair', 'title': 'Betfair', 'last_update': '2022-08-05T11:36:17Z', 'markets': [{'key': 'h2h', 'outcomes': [{'name': 'Chengdu Rongcheng FC', 'price': 1.31}, {'name': 'Hebei China Fortune FC', 'price': 15.5}, {'name': 'Draw', 'price': 5.4}]}, {'key': 'h2h_lay', 'outcomes': [{'name': 'Chengdu Rongcheng FC', 'price': 1.33}, {'name': 'Hebei China Fortune FC', 'price': 17.0}, {'name': 'Draw', 'price': 5.6}]}]}, {'key': 'fanduel', 'title': 'FanDuel', 'last_update': '2022-08-05T11:36:19Z', 'markets': [{'key': 'h2h', 'outcomes': [{'name': 'Chengdu Rongcheng FC', 'price': 1.27}, {'name': 'Hebei China Fortune FC', 'price': 12.0}, {'name': 'Draw', 'price': 5.3}]}]}, {'key': 'lowvig', 'title': 'LowVig.ag', 'last_update': '2022-08-05T11:29:21Z', 'markets': [{'key': 'h2h', 'outcomes': [{'name': 'Chengdu Rongcheng FC', 'price': 1.27}, {'name': 'Hebei China Fortune FC', 'price': 11.0}, {'name': 'Draw', 'price': 4.95}]}, {'key': 'spreads', 'outcomes': [{'name': 'Chengdu Rongcheng FC', 'price': 1.92, 'point': -1.5}, {'name': 'Hebei China Fortune FC', 'price': 1.9, 'point': 1.5}]}]}, {'key': 'draftkings', 'title': 'DraftKings', 'last_update': '2022-08-05T11:36:20Z', 'markets': [{'key': 'h2h', 'outcomes': [{'name': 'Chengdu Rongcheng FC', 'price': 1.27}, {'name': 'Hebei China Fortune FC', 'price': 12.0}, {'name': 'Draw', 'price': 5.0}]}]}, {'key': 'betrivers', 'title': 'BetRivers', 'last_update': '2022-08-05T11:29:20Z', 'markets': [{'key': 'h2h', 'outcomes': [{'name': 'Chengdu Rongcheng FC', 'price': 1.3}, {'name': 'Hebei China Fortune FC', 'price': 12.0}, {'name': 'Draw', 'price': 4.5}]}]}, {'key': 'unibet', 'title': 'Unibet', 'last_update': '2022-08-05T11:36:17Z', 'markets': [{'key': 'h2h', 'outcomes': [{'name': 'Chengdu Rongcheng FC', 'price': 1.3}, {'name': 'Hebei China Fortune FC', 'price': 10.0}, {'name': 'Draw', 'price': 4.35}]}]}, {'key': 'barstool', 'title': 'Barstool Sportsbook', 'last_update': '2022-08-05T11:36:21Z', 'markets': [{'key': 'h2h', 'outcomes': [{'name': 'Chengdu Rongcheng FC', 'price': 1.3}, {'name': 'Hebei China Fortune FC', 'price': 10.0}, {'name': 'Draw', 'price': 4.35}]}]}, {'key': 'intertops', 'title': 'Intertops', 'last_update': '2022-08-05T11:29:23Z', 'markets': [{'key': 'h2h', 'outcomes': [{'name': 'Chengdu Rongcheng FC', 'price': 1.28}, {'name': 'Hebei China Fortune FC', 'price': 11.0}, {'name': 'Draw', 'price': 4.4}]}]}]"
6,0e40ccbb2ab28831d4e59b48c612263b,soccer_china_superleague,Super League - China,2022-08-05 12:00:00+00:00,Shenzhen FC,Zhejiang,"[{'key': 'betfair', 'title': 'Betfair', 'last_update': '2022-08-05T11:36:17Z', 'markets': [{'key': 'h2h', 'outcomes': [{'name': 'Shenzhen FC', 'price': 5.7}, {'name': 'Zhejiang', 'price': 1.71}, {'name': 'Draw', 'price': 4.0}]}, {'key': 'h2h_lay', 'outcomes': [{'name': 'Shenzhen FC', 'price': 6.0}, {'name': 'Zhejiang', 'price': 1.73}, {'name': 'Draw', 'price': 4.2}]}]}, {'key': 'fanduel', 'title': 'FanDuel', 'last_update': '2022-08-05T11:36:19Z', 'markets': [{'key': 'h2h', 'outcomes': [{'name': 'Shenzhen FC', 'price': 5.5}, {'name': 'Zhejiang', 'price': 1.65}, {'name': 'Draw', 'price': 3.8}]}]}, {'key': 'williamhill_us', 'title': 'William Hill (US)', 'last_update': '2022-08-05T11:36:18Z', 'markets': [{'key': 'h2h', 'outcomes': [{'name': 'Shenzhen FC', 'price': 5.1}, {'name': 'Zhejiang', 'price': 1.65}, {'name': 'Draw', 'price': 3.9}]}]}, {'key': 'draftkings', 'title': 'DraftKings', 'last_update': '2022-08-05T11:36:20Z', 'markets': [{'key': 'h2h', 'outcomes': [{'name': 'Shenzhen FC', 'price': 5.5}, {'name': 'Zhejiang', 'price': 1.5899999999999999}, {'name': 'Draw', 'price': 4.1}]}]}, {'key': 'gtbets', 'title': 'GTbets', 'last_update': '2022-08-05T11:36:20Z', 'markets': [{'key': 'h2h', 'outcomes': [{'name': 'Shenzhen FC', 'price': 4.95}, {'name': 'Zhejiang', 'price': 1.6600000000000001}, {'name': 'Draw', 'price': 3.96}]}, {'key': 'spreads', 'outcomes': [{'name': 'Shenzhen FC', 'price': 1.43, 'point': 1.5}, {'name': 'Zhejiang', 'price': 2.77, 'point': -1.5}]}]}, {'key': 'betrivers', 'title': 'BetRivers', 'last_update': '2022-08-05T11:36:20Z', 'markets': [{'key': 'h2h', 'outcomes': [{'name': 'Shenzhen FC', 'price': 5.5}, {'name': 'Zhejiang', 'price': 1.55}, {'name': 'Draw', 'price': 3.9}]}]}, {'key': 'unibet', 'title': 'Unibet', 'last_update': '2022-08-05T11:36:17Z', 'markets': [{'key': 'h2h', 'outcomes': [{'name': 'Shenzhen FC', 'price': 5.5}, {'name': 'Zhejiang', 'price': 1.55}, {'name': 'Draw', 'price': 3.9}]}]}, {'key': 'barstool', 'title': 'Barstool Sportsbook', 'last_update': '2022-08-05T11:36:21Z', 'markets': [{'key': 'h2h', 'outcomes': [{'name': 'Shenzhen FC', 'price': 5.5}, {'name': 'Zhejiang', 'price': 1.55}, {'name': 'Draw', 'price': 3.9}]}]}, {'key': 'intertops', 'title': 'Intertops', 'last_update': '2022-08-05T11:36:21Z', 'markets': [{'key': 'h2h', 'outcomes': [{'name': 'Shenzhen FC', 'price': 5.25}, {'name': 'Zhejiang', 'price': 1.62}, {'name': 'Draw', 'price': 3.45}]}]}]"
7,cfaef62e51978833fd7c2b0b521904e6,soccer_denmark_superliga,Denmark Superliga,2022-08-05 16:00:00+00:00,Randers FC,AC Horsens,"[{'key': 'unibet', 'title': 'Unibet', 'last_update': '2022-08-05T11:34:41Z', 'markets': [{'key': 'h2h', 'outcomes': [{'name': 'AC Horsens', 'price': 3.8}, {'name': 'Randers FC', 'price': 1.82}, {'name': 'Draw', 'price': 3.8}]}]}, {'key': 'wynnbet', 'title': 'WynnBET', 'last_update': '2022-08-05T11:36:49Z', 'markets': [{'key': 'h2h', 'outcomes': [{'name': 'AC Horsens', 'price': 4.05}, {'name': 'Randers FC', 'price': 1.87}, {'name': 'Draw', 'price': 3.75}]}]}, {'key': 'betrivers', 'title': 'BetRivers', 'last_update': '2022-08-05T11:36:50Z', 'markets': [{'key': 'h2h', 'outcomes': [{'name': 'AC Horsens', 'price': 3.85}, {'name': 'Randers FC', 'price': 1.85}, {'name': 'Draw', 'price': 3.85}]}]}, {'key': 'barstool', 'title': 'Barstool Sportsbook', 'last_update': '2022-08-05T11:36:50Z', 'markets': [{'key': 'h2h', 'outcomes': [{'name': 'AC Horsens', 'price': 3.85}, {'name': 'Randers FC', 'price': 1.85}, {'name': 'Draw', 'price': 3.85}]}]}, {'key': 'sugarhouse', 'title': 'SugarHouse', 'last_update': '2022-08-05T11:36:50Z', 'markets': [{'key': 'h2h', 'outcomes': [{'name': 'AC Horsens', 'price': 3.85}, {'name': 'Randers FC', 'price': 1.85}, {'name': 'Draw', 'price': 3.85}]}]}, {'key': 'twinspires', 'title': 'TwinSpires', 'last_update': '2022-08-05T11:32:53Z', 'markets': [{'key': 'h2h', 'outcomes': [{'name': 'AC Horsens', 'price': 3.85}, {'name': 'Randers FC', 'price': 1.85}, {'name': 'Draw', 'price': 3.85}]}]}, {'key': 'foxbet', 'title': 'FOX Bet', 'last_update': '2022-08-05T11:36:47Z', 'markets': [{'key': 'h2h', 'outcomes': [{'name': 'AC Horsens', 'price': 3.6}, {'name': 'Randers FC', 'price': 1.8}, {'name': 'Draw', 'price': 3.25}]}]}, {'key': 'williamhill_us', 'title': 'William Hill (US)', 'last_update': '2022-08-05T11:36:47Z', 'markets': [{'key': 'h2h', 'outcomes': [{'name': 'AC Horsens', 'price': 4.1}, {'name': 'Randers FC', 'price': 1.85}, {'name': 'Draw', 'price': 3.5}]}]}, {'key': 'draftkings', 'title': 'DraftKings', 'last_update': '2022-08-05T11:36:48Z', 'markets': [{'key': 'h2h', 'outcomes': [{'name': 'AC Horsens', 'price': 4.1}, {'name': 'Randers FC', 'price': 1.87}, {'name': 'Draw', 'price': 3.7}]}]}, {'key': 'fanduel', 'title': 'FanDuel', 'last_update': '2022-08-05T11:36:48Z', 'markets': [{'key': 'h2h', 'outcomes': [{'name': 'AC Horsens', 'price': 3.9}, {'name': 'Randers FC', 'price': 1.8}, {'name': 'Draw', 'price': 3.6}]}]}, {'key': 'betfair', 'title': 'Betfair', 'last_update': '2022-08-05T11:36:46Z', 'markets': [{'key': 'h2h', 'outcomes': [{'name': 'AC Horsens', 'price': 4.3}, {'name': 'Randers FC', 'price': 1.9300000000000002}, {'name': 'Draw', 'price': 3.9}]}, {'key': 'h2h_lay', 'outcomes': [{'name': 'AC Horsens', 'price': 4.4}, {'name': 'Randers FC', 'price': 1.9500000000000002}, {'name': 'Draw', 'price': 4.0}]}]}, {'key': 'intertops', 'title': 'Intertops', 'last_update': '2022-08-05T11:32:52Z', 'markets': [{'key': 'h2h', 'outcomes': [{'name': 'AC Horsens', 'price': 3.75}, {'name': 'Randers FC', 'price': 1.8}, {'name': 'Draw', 'price': 3.5}]}]}, {'key': 'gtbets', 'title': 'GTbets', 'last_update': '2022-08-05T11:32:50Z', 'markets': [{'key': 'h2h', 'outcomes': [{'name': 'AC Horsens', 'price': 3.84}, {'name': 'Randers FC', 'price': 1.87}, {'name': 'Draw', 'price': 3.76}]}, {'key': 'spreads', 'outcomes': [{'name': 'AC Horsens', 'price': 1.32, 'point': 1.5}, {'name': 'Randers FC', 'price': 3.32, 'point': -1.5}]}]}, {'key': 'betus', 'title': 'BetUS', 'last_update': '2022-08-05T11:33:38Z', 'markets': [{'key': 'h2h', 'outcomes': [{'name': 'AC Horsens', 'price': 4.0}, {'name': 'Randers FC', 'price': 1.87}, {'name': 'Draw', 'price': 3.75}]}, {'key': 'spreads', 'outcomes': [{'name': 'AC Horsens', 'price': 1.87, 'point': 0.5}, {'name': 'Randers FC', 'price': 1.87, 'point': -0.5}]}]}, {'key': 'lowvig', 'title': 'LowVig.ag', 'last_update': '2022-08-05T11:34:44Z', 'markets': [{'key': 'h2h', 'outcomes': [{'name': 'AC Horsens', 'price': 3.98}, {'name': 'Randers FC', 'price': 1.9100000000000001}, {'name': 'Draw', 'price': 3.85}]}, {'key': 'spreads', 'outcomes': [{'name': 'AC Horsens', 'price': 1.9100000000000001, 'point': 0.5}, {'name': 'Randers FC', 'price': 1.9100000000000001, 'point': -0.5}]}]}, {'key': 'betonlineag', 'title': 'BetOnline.ag', 'last_update': '2022-08-05T11:36:48Z', 'markets': [{'key': 'h2h', 'outcomes': [{'name': 'AC Horsens', 'price': 3.98}, {'name': 'Randers FC', 'price': 1.9}, {'name': 'Draw', 'price': 3.85}]}, {'key': 'spreads', 'outcomes': [{'name': 'AC Horsens', 'price': 1.9, 'point': 0.5}, {'name': 'Randers FC', 'price': 1.9, 'point': -0.5}]}]}]"
8,9381326aaae427d7333e41ef8745ab8b,soccer_poland_ekstraklasa,Ekstraklasa - Poland,2022-08-05 16:00:00+00:00,Stal Mielec,Cracovia Kraków,"[{'key': 'unibet', 'title': 'Unibet', 'last_update': '2022-08-05T11:33:25Z', 'markets': [{'key': 'h2h', 'outcomes': [{'name': 'Cracovia Kraków', 'price': 2.1}, {'name': 'Stal Mielec', 'price': 3.35}, {'name': 'Draw', 'price': 3.3}]}]}, {'key': 'draftkings', 'title': 'DraftKings', 'last_update': '2022-08-05T11:33:25Z', 'markets': [{'key': 'h2h', 'outcomes': [{'name': 'Cracovia Kraków', 'price': 2.15}, {'name': 'Stal Mielec', 'price': 3.5}, {'name': 'Draw', 'price': 3.4}]}]}, {'key': 'bovada', 'title': 'Bovada', 'last_update': '2022-08-05T11:35:35Z', 'markets': [{'key': 'h2h', 'outcomes': [{'name': 'Cracovia Kraków', 'price': 2.2}, {'name': 'Stal Mielec', 'price': 3.25}, {'name': 'Draw', 'price': 3.15}]}, {'key': 'spreads', 'outcomes': [{'name': 'Cracovia Kraków', 'price': 1.8900000000000001, 'point': -0.25}, {'name': 'Stal Mielec', 'price': 1.9300000000000002, 'point': 0.25}]}]}, {'key': 'fanduel', 'title': 'FanDuel', 'last_update': '2022-08-05T11:35:32Z', 'markets': [{'key': 'h2h', 'outcomes': [{'name': 'Cracovia Kraków', 'price': 2.05}, {'name': 'Stal Mielec', 'price': 3.5}, {'name': 'Draw', 'price': 3.1}]}]}, {'key': 'betrivers', 'title': 'BetRivers', 'last_update': '2022-08-05T11:34:32Z', 'markets': [{'key': 'h2h', 'outcomes': [{'name': 'Cracovia Kraków', 'price': 2.1}, {'name': 'Stal Mielec', 'price': 3.35}, {'name': 'Draw', 'price': 3.3}]}]}, {'key': 'sugarhouse', 'title': 'SugarHouse', 'last_update': '2022-08-05T11:35:31Z', 'markets': [{'key': 'h2h', 'outcomes': [{'name': 'Cracovia Kraków', 'price': 2.1}, {'name': 'Stal Mielec', 'price': 3.35}, {'name': 'Draw', 'price': 3.3}]}]}, {'key': 'betmgm', 'title': 'BetMGM', 'last_update': '2022-08-05T11:34:33Z', 'markets': [{'key': 'h2h', 'outcomes': [{'name': 'Cracovia Kraków', 'price': 2.05}, {'name': 'Stal Mielec', 'price': 3.4}, {'name': 'Draw', 'price': 3.25}]}]}, {'key': 'barstool', 'title': 'Barstool Sportsbook', 'last_update': '2022-08-05T11:35:33Z', 'markets': [{'key': 'h2h', 'outcomes': [{'name': 'Cracovia Kraków', 'price': 2.1}, {'name': 'Stal Mielec', 'price': 3.35}, {'name': 'Draw', 'price': 3.3}]}]}, {'key': 'betfair', 'title': 'Betfair', 'last_update': '2022-08-05T11:33:25Z', 'markets': [{'key': 'h2h', 'outcomes': [{'name': 'Cracovia Kraków', 'price': 2.2}, {'name': 'Stal Mielec', 'price': 3.75}, {'name': 'Draw', 'price': 3.4}]}, {'key': 'h2h_lay', 'outcomes': [{'name': 'Cracovia Kraków', 'price': 2.22}, {'name': 'Stal Mielec', 'price': 3.95}, {'name': 'Draw', 'price': 3.55}]}]}, {'key': 'mybookieag', 'title': 'MyBookie.ag', 'last_update': '2022-08-05T11:35:33Z', 'markets': [{'key': 'h2h', 'outcomes': [{'name': 'Cracovia Kraków', 'price': 2.26}, {'name': 'Stal Mielec', 'price': 3.2}, {'name': 'Draw', 'price': 3.3}]}, {'key': 'spreads', 'outcomes': [{'name': 'Cracovia Kraków', 'price': 2.22, 'point': -0.5}, {'name': 'Stal Mielec', 'price': 1.6400000000000001, 'point': 0.5}]}]}]"
9,2f7ff7d8fe3571476e466410acd269c6,soccer_germany_bundesliga2,Bundesliga 2 - Germany,2022-08-05 16:30:00+00:00,SV Sandhausen,Fortuna Düsseldorf,"[{'key': 'unibet', 'title': 'Unibet', 'last_update': '2022-08-05T11:35:46Z', 'markets': [{'key': 'h2h', 'outcomes': [{'name': 'Fortuna Düsseldorf', 'price': 2.4}, {'name': 'SV Sandhausen', 'price': 2.85}, {'name': 'Draw', 'price': 3.4}]}]}, {'key': 'twinspires', 'title': 'TwinSpires', 'last_update': '2022-08-05T11:33:47Z', 'markets': [{'key': 'h2h', 'outcomes': [{'name': 'Fortuna Düsseldorf', 'price': 2.4}, {'name': 'SV Sandhausen', 'price': 2.85}, {'name': 'Draw', 'price': 3.4}]}]}, {'key': 'sugarhouse', 'title': 'SugarHouse', 'last_update': '2022-08-05T11:33:47Z', 'markets': [{'key': 'h2h', 'outcomes': [{'name': 'Fortuna Düsseldorf', 'price': 2.4}, {'name': 'SV Sandhausen', 'price': 2.85}, {'name': 'Draw', 'price': 3.4}]}]}, {'key': 'barstool', 'title': 'Barstool Sportsbook', 'last_update': '2022-08-05T11:33:47Z', 'markets': [{'key': 'h2h', 'outcomes': [{'name': 'Fortuna Düsseldorf', 'price': 2.4}, {'name': 'SV Sandhausen', 'price': 2.85}, {'name': 'Draw', 'price': 3.4}]}]}, {'key': 'betrivers', 'title': 'BetRivers', 'last_update': '2022-08-05T11:36:20Z', 'markets': [{'key': 'h2h', 'outcomes': [{'name': 'Fortuna Düsseldorf', 'price': 2.4}, {'name': 'SV Sandhausen', 'price': 2.85}, {'name': 'Draw', 'price': 3.4}]}]}, {'key': 'draftkings', 'title': 'DraftKings', 'last_update': '2022-08-05T11:33:45Z', 'markets': [{'key': 'h2h', 'outcomes': [{'name': 'Fortuna Düsseldorf', 'price': 2.35}, {'name': 'SV Sandhausen', 'price': 3.05}, {'name': 'Draw', 'price': 3.35}]}]}, {'key': 'wynnbet', 'title': 'WynnBET', 'last_update': '2022-08-05T11:33:46Z', 'markets': [{'key': 'h2h', 'outcomes': [{'name': 'Fortuna Düsseldorf', 'price': 2.35}, {'name': 'SV Sandhausen', 'price': 3.05}, {'name': 'Draw', 'price': 3.4}]}]}, {'key': 'mybookieag', 'title': 'MyBookie.ag', 'last_update': '2022-08-05T11:36:20Z', 'markets': [{'key': 'h2h', 'outcomes': [{'name': 'Fortuna Düsseldorf', 'price': 2.22}, {'name': 'SV Sandhausen', 'price': 2.9}, {'name': 'Draw', 'price': 3.2800000000000002}]}, {'key': 'spreads', 'outcomes': [{'name': 'Fortuna Düsseldorf', 'price': 2.2, 'point': -0.5}, {'name': 'SV Sandhausen', 'price': 1.6, 'point': 0.5}]}]}, {'key': 'bovada', 'title': 'Bovada', 'last_update': '2022-08-05T11:34:31Z', 'markets': [{'key': 'h2h', 'outcomes': [{'name': 'Fortuna Düsseldorf', 'price': 2.35}, {'name': 'SV Sandhausen', 'price': 2.95}, {'name': 'Draw', 'price': 3.25}]}, {'key': 'spreads', 'outcomes': [{'name': 'Fortuna Düsseldorf', 'price': 2.02, 'point': -0.25}, {'name': 'SV Sandhausen', 'price': 1.82, 'point': 0.25}]}]}, {'key': 'foxbet', 'title': 'FOX Bet', 'last_update': '2022-08-05T11:35:46Z', 'markets': [{'key': 'h2h', 'outcomes': [{'name': 'Fortuna Düsseldorf', 'price': 2.35}, {'name': 'SV Sandhausen', 'price': 2.9}, {'name': 'Draw', 'price': 3.25}]}]}, {'key': 'pointsbetus', 'title': 'PointsBet (US)', 'last_update': '2022-08-05T11:33:45Z', 'markets': [{'key': 'h2h', 'outcomes': [{'name': 'Fortuna Düsseldorf', 'price': 2.3}, {'name': 'SV Sandhausen', 'price': 2.95}, {'name': 'Draw', 'price': 3.25}]}]}, {'key': 'fanduel', 'title': 'FanDuel', 'last_update': '2022-08-05T11:31:24Z', 'markets': [{'key': 'h2h', 'outcomes': [{'name': 'Fortuna Düsseldorf', 'price': 2.3}, {'name': 'SV Sandhausen', 'price': 3.0}, {'name': 'Draw', 'price': 3.3}]}]}, {'key': 'betfair', 'title': 'Betfair', 'last_update': '2022-08-05T11:35:46Z', 'markets': [{'key': 'h2h', 'outcomes': [{'name': 'Fortuna Düsseldorf', 'price': 2.42}, {'name': 'SV Sandhausen', 'price': 3.2}, {'name': 'Draw', 'price': 3.5}]}, {'key': 'h2h_lay', 'outcomes': [{'name': 'Fortuna Düsseldorf', 'price': 2.46}, {'name': 'SV Sandhausen', 'price': 3.3}, {'name': 'Draw', 'price': 3.55}]}]}, {'key': 'intertops', 'title': 'Intertops', 'last_update': '2022-08-05T11:34:31Z', 'markets': [{'key': 'h2h', 'outcomes': [{'name': 'Fortuna Düsseldorf', 'price': 2.3}, {'name': 'SV Sandhausen', 'price': 3.0}, {'name': 'Draw', 'price': 3.3}]}]}, {'key': 'betus', 'title': 'BetUS', 'last_update': '2022-08-05T11:32:54Z', 'markets': [{'key': 'h2h', 'outcomes': [{'name': 'Fortuna Düsseldorf', 'price': 2.35}, {'name': 'SV Sandhausen', 'price': 3.0}, {'name': 'Draw', 'price': 3.4}]}, {'key': 'spreads', 'outcomes': [{'name': 'Fortuna Düsseldorf', 'price': 1.69, 'point': 0.0}, {'name': 'SV Sandhausen', 'price': 2.15, 'point': 0.0}]}]}]"
10,69fa20ffe3a6cc7a503d77089a122866,soccer_germany_bundesliga2,Bundesliga 2 - Germany,2022-08-05 16:30:00+00:00,Greuther Fürth,Karlsruher SC,"[{'key': 'unibet', 'title': 'Unibet', 'last_update': '2022-08-05T11:35:46Z', 'markets': [{'key': 'h2h', 'outcomes': [{'name': 'Greuther Fürth', 'price': 1.7000000000000002}, {'name': 'Karlsruher SC', 'price': 4.2}, {'name': 'Draw', 'price': 4.25}]}]}, {'key': 'twinspires', 'title': 'TwinSpires', 'last_update': '2022-08-05T11:33:47Z', 'markets': [{'key': 'h2h', 'outcomes': [{'name': 'Greuther Fürth', 'price': 1.7000000000000002}, {'name': 'Karlsruher SC', 'price': 4.2}, {'name': 'Draw', 'price': 4.25}]}]}, {'key': 'sugarhouse', 'title': 'SugarHouse', 'last_update': '2022-08-05T11:33:47Z', 'markets': [{'key': 'h2h', 'outcomes': [{'name': 'Greuther Fürth', 'price': 1.7000000000000002}, {'name': 'Karlsruher SC', 'price': 4.2}, {'name': 'Draw', 'price': 4.25}]}]}, {'key': 'barstool', 'title': 'Barstool Sportsbook', 'last_update': '2022-08-05T11:33:47Z', 'markets': [{'key': 'h2h', 'outcomes': [{'name': 'Greuther Fürth', 'price': 1.7000000000000002}, {'name': 'Karlsruher SC', 'price': 4.2}, {'name': 'Draw', 'price': 4.25}]}]}, {'key': 'betrivers', 'title': 'BetRivers', 'last_update': '2022-08-05T11:36:20Z', 'markets': [{'key': 'h2h', 'outcomes': [{'name': 'Greuther Fürth', 'price': 1.7000000000000002}, {'name': 'Karlsruher SC', 'price': 4.2}, {'name': 'Draw', 'price': 4.25}]}]}, {'key': 'draftkings', 'title': 'DraftKings', 'last_update': '2022-08-05T11:33:45Z', 'markets': [{'key': 'h2h', 'outcomes': [{'name': 'Greuther Fürth', 'price': 1.74}, {'name': 'Karlsruher SC', 'price': 4.2}, {'name': 'Draw', 'price': 4.2}]}]}, {'key': 'wynnbet', 'title': 'WynnBET', 'last_update': '2022-08-05T11:33:46Z', 'markets': [{'key': 'h2h', 'outcomes': [{'name': 'Greuther Fürth', 'price': 1.74}, {'name': 'Karlsruher SC', 'price': 4.25}, {'name': 'Draw', 'price': 4.1}]}]}, {'key': 'mybookieag', 'title': 'MyBookie.ag', 'last_update': '2022-08-05T11:36:20Z', 'markets': [{'key': 'h2h', 'outcomes': [{'name': 'Greuther Fürth', 'price': 1.71}, {'name': 'Karlsruher SC', 'price': 4.0}, {'name': 'Draw', 'price': 3.75}]}, {'key': 'spreads', 'outcomes': [{'name': 'Greuther Fürth', 'price': 1.71, 'point': -0.5}, {'name': 'Karlsruher SC', 'price': 2.02, 'point': 0.5}]}]}, {'key': 'bovada', 'title': 'Bovada', 'last_update': '2022-08-05T11:34:31Z', 'markets': [{'key': 'h2h', 'outcomes': [{'name': 'Greuther Fürth', 'price': 1.74}, {'name': 'Karlsruher SC', 'price': 4.2}, {'name': 'Draw', 'price': 3.9}]}, {'key': 'spreads', 'outcomes': [{'name': 'Greuther Fürth', 'price': 1.9300000000000002, 'point': -0.75}, {'name': 'Karlsruher SC', 'price': 1.8900000000000001, 'point': 0.75}]}]}, {'key': 'foxbet', 'title': 'FOX Bet', 'last_update': '2022-08-05T11:35:46Z', 'markets': [{'key': 'h2h', 'outcomes': [{'name': 'Greuther Fürth', 'price': 1.75}, {'name': 'Karlsruher SC', 'price': 4.1}, {'name': 'Draw', 'price': 3.9}]}]}, {'key': 'pointsbetus', 'title': 'PointsBet (US)', 'last_update': '2022-08-05T11:33:45Z', 'markets': [{'key': 'h2h', 'outcomes': [{'name': 'Greuther Fürth', 'price': 1.71}, {'name': 'Karlsruher SC', 'price': 4.25}, {'name': 'Draw', 'price': 3.9}]}]}, {'key': 'fanduel', 'title': 'FanDuel', 'last_update': '2022-08-05T11:31:24Z', 'markets': [{'key': 'h2h', 'outcomes': [{'name': 'Greuther Fürth', 'price': 1.71}, {'name': 'Karlsruher SC', 'price': 4.1}, {'name': 'Draw', 'price': 4.0}]}]}, {'key': 'betfair', 'title': 'Betfair', 'last_update': '2022-08-05T11:35:46Z', 'markets': [{'key': 'h2h', 'outcomes': [{'name': 'Greuther Fürth', 'price': 1.82}, {'name': 'Karlsruher SC', 'price': 4.4}, {'name': 'Draw', 'price': 4.3}]}, {'key': 'h2h_lay', 'outcomes': [{'name': 'Greuther Fürth', 'price': 1.83}, {'name': 'Karlsruher SC', 'price': 4.6}, {'name': 'Draw', 'price': 4.4}]}]}, {'key': 'intertops', 'title': 'Intertops', 'last_update': '2022-08-05T11:34:31Z', 'markets': [{'key': 'h2h', 'outcomes': [{'name': 'Greuther Fürth', 'price': 1.73}, {'name': 'Karlsruher SC', 'price': 4.0}, {'name': 'Draw', 'price': 4.1}]}]}, {'key': 'betus', 'title': 'BetUS', 'last_update': '2022-08-05T11:32:54Z', 'markets': [{'key': 'h2h', 'outcomes': [{'name': 'Greuther Fürth', 'price': 1.74}, {'name': 'Karlsruher SC', 'price': 4.2}, {'name': 'Draw', 'price': 4.15}]}, {'key': 'spreads', 'outcomes': [{'name': 'Greuther Fürth', 'price': 1.74, 'point': -0.5}, {'name': 'Karlsruher SC', 'price': 2.05, 'point': 0.5}]}]}]"
11,25daa6e902efe12249b4aa3a382b0d6a,soccer_denmark_superliga,Denmark Superliga,2022-08-05 18:00:00+00:00,Lyngby,FC Midtjylland,"[{'key': 'unibet', 'title': 'Unibet', 'last_update': '2022-08-05T11:34:41Z', 'markets': [{'key': 'h2h', 'outcomes': [{'name': 'FC Midtjylland', 'price': 1.9100000000000001}, {'name': 'Lyngby', 'price': 3.6}, {'name': 'Draw', 'price': 3.6}]}]}, {'key': 'wynnbet', 'title': 'WynnBET', 'last_update': '2022-08-05T11:36:49Z', 'markets': [{'key': 'h2h', 'outcomes': [{'name': 'FC Midtjylland', 'price': 2.0}, {'name': 'Lyngby', 'price': 3.65}, {'name': 'Draw', 'price': 3.7}]}]}, {'key': 'betrivers', 'title': 'BetRivers', 'last_update': '2022-08-05T11:36:50Z', 'markets': [{'key': 'h2h', 'outcomes': [{'name': 'FC Midtjylland', 'price': 1.9300000000000002}, {'name': 'Lyngby', 'price': 3.7}, {'name': 'Draw', 'price': 3.7}]}]}, {'key': 'barstool', 'title': 'Barstool Sportsbook', 'last_update': '2022-08-05T11:36:50Z', 'markets': [{'key': 'h2h', 'outcomes': [{'name': 'FC Midtjylland', 'price': 1.9300000000000002}, {'name': 'Lyngby', 'price': 3.7}, {'name': 'Draw', 'price': 3.7}]}]}, {'key': 'sugarhouse', 'title': 'SugarHouse', 'last_update': '2022-08-05T11:36:50Z', 'markets': [{'key': 'h2h', 'outcomes': [{'name': 'FC Midtjylland', 'price': 1.9300000000000002}, {'name': 'Lyngby', 'price': 3.7}, {'name': 'Draw', 'price': 3.7}]}]}, {'key': 'twinspires', 'title': 'TwinSpires', 'last_update': '2022-08-05T11:32:53Z', 'markets': [{'key': 'h2h', 'outcomes': [{'name': 'FC Midtjylland', 'price': 1.9300000000000002}, {'name': 'Lyngby', 'price': 3.7}, {'name': 'Draw', 'price': 3.7}]}]}, {'key': 'foxbet', 'title': 'FOX Bet', 'last_update': '2022-08-05T11:36:47Z', 'markets': [{'key': 'h2h', 'outcomes': [{'name': 'FC Midtjylland', 'price': 1.85}, {'name': 'Lyngby', 'price': 3.35}, {'name': 'Draw', 'price': 3.3}]}]}, {'key': 'williamhill_us', 'title': 'William Hill (US)', 'last_update': '2022-08-05T11:36:47Z', 'markets': [{'key': 'h2h', 'outcomes': [{'name': 'FC Midtjylland', 'price': 1.97}, {'name': 'Lyngby', 'price': 3.6}, {'name': 'Draw', 'price': 3.5}]}]}, {'key': 'draftkings', 'title': 'DraftKings', 'last_update': '2022-08-05T11:36:48Z', 'markets': [{'key': 'h2h', 'outcomes': [{'name': 'FC Midtjylland', 'price': 1.9100000000000001}, {'name': 'Lyngby', 'price': 3.95}, {'name': 'Draw', 'price': 3.65}]}]}, {'key': 'fanduel', 'title': 'FanDuel', 'last_update': '2022-08-05T11:36:48Z', 'markets': [{'key': 'h2h', 'outcomes': [{'name': 'FC Midtjylland', 'price': 1.9100000000000001}, {'name': 'Lyngby', 'price': 3.6}, {'name': 'Draw', 'price': 3.5}]}]}, {'key': 'betfair', 'title': 'Betfair', 'last_update': '2022-08-05T11:36:46Z', 'markets': [{'key': 'h2h', 'outcomes': [{'name': 'FC Midtjylland', 'price': 2.04}, {'name': 'Lyngby', 'price': 3.85}, {'name': 'Draw', 'price': 3.85}]}, {'key': 'h2h_lay', 'outcomes': [{'name': 'FC Midtjylland', 'price': 2.08}, {'name': 'Lyngby', 'price': 3.95}, {'name': 'Draw', 'price': 3.95}]}]}, {'key': 'intertops', 'title': 'Intertops', 'last_update': '2022-08-05T11:32:52Z', 'markets': [{'key': 'h2h', 'outcomes': [{'name': 'FC Midtjylland', 'price': 1.9}, {'name': 'Lyngby', 'price': 3.45}, {'name': 'Draw', 'price': 3.45}]}]}, {'key': 'gtbets', 'title': 'GTbets', 'last_update': '2022-08-05T11:32:50Z', 'markets': [{'key': 'h2h', 'outcomes': [{'name': 'FC Midtjylland', 'price': 1.9300000000000002}, {'name': 'Lyngby', 'price': 3.66}, {'name': 'Draw', 'price': 3.75}]}, {'key': 'spreads', 'outcomes': [{'name': 'FC Midtjylland', 'price': 3.38, 'point': -1.5}, {'name': 'Lyngby', 'price': 1.31, 'point': 1.5}]}]}, {'key': 'betus', 'title': 'BetUS', 'last_update': '2022-08-05T11:33:38Z', 'markets': [{'key': 'h2h', 'outcomes': [{'name': 'FC Midtjylland', 'price': 1.74}, {'name': 'Lyngby', 'price': 4.45}, {'name': 'Draw', 'price': 3.95}]}, {'key': 'spreads', 'outcomes': [{'name': 'FC Midtjylland', 'price': 1.74, 'point': -0.5}, {'name': 'Lyngby', 'price': 2.05, 'point': 0.5}]}]}, {'key': 'lowvig', 'title': 'LowVig.ag', 'last_update': '2022-08-05T11:34:44Z', 'markets': [{'key': 'h2h', 'outcomes': [{'name': 'FC Midtjylland', 'price': 1.98}, {'name': 'Lyngby', 'price': 3.9}, {'name': 'Draw', 'price': 3.65}]}, {'key': 'spreads', 'outcomes': [{'name': 'FC Midtjylland', 'price': 1.98, 'point': -0.5}, {'name': 'Lyngby', 'price': 1.85, 'point': 0.5}]}]}, {'key': 'betonlineag', 'title': 'BetOnline.ag', 'last_update': '2022-08-05T11:36:48Z', 'markets': [{'key': 'h2h', 'outcomes': [{'name': 'FC Midtjylland', 'price': 1.98}, {'name': 'Lyngby', 'price': 3.9}, {'name': 'Draw', 'price': 3.65}]}, {'key': 'spreads', 'outcomes': [{'name': 'FC Midtjylland', 'price': 1.98, 'point': -0.5}, {'name': 'Lyngby', 'price': 1.8399999999999999, 'point': 0.5}]}]}]"
12,4363fa16f5994febbc1416badb317da0,soccer_netherlands_eredivisie,Dutch Eredivisie,2022-08-05 18:00:00+00:00,Heerenveen,Sparta Rotterdam,"[{'key': 'unibet', 'title': 'Unibet', 'last_update': '2022-08-05T11:32:37Z', 'markets': [{'key': 'h2h', 'outcomes': [{'name': 'Heerenveen', 'price': 1.92}, {'name': 'Sparta Rotterdam', 'price': 4.0}, {'name': 'Draw', 'price': 3.5}]}]}, {'key': 'barstool', 'title': 'Barstool Sportsbook', 'last_update': '2022-08-05T11:34:46Z', 'markets': [{'key': 'h2h', 'outcomes': [{'name': 'Heerenveen', 'price': 1.9100000000000001}, {'name': 'Sparta Rotterdam', 'price': 4.0}, {'name': 'Draw', 'price': 3.45}]}]}, {'key': 'sugarhouse', 'title': 'SugarHouse', 'last_update': '2022-08-05T11:32:39Z', 'markets': [{'key': 'h2h', 'outcomes': [{'name': 'Heerenveen', 'price': 1.9100000000000001}, {'name': 'Sparta Rotterdam', 'price': 4.0}, {'name': 'Draw', 'price': 3.45}]}]}, {'key': 'twinspires', 'title': 'TwinSpires', 'last_update': '2022-08-05T11:36:38Z', 'markets': [{'key': 'h2h', 'outcomes': [{'name': 'Heerenveen', 'price': 1.9100000000000001}, {'name': 'Sparta Rotterdam', 'price': 4.0}, {'name': 'Draw', 'price': 3.45}]}]}, {'key': 'betrivers', 'title': 'BetRivers', 'last_update': '2022-08-05T11:33:33Z', 'markets': [{'key': 'h2h', 'outcomes': [{'name': 'Heerenveen', 'price': 1.9100000000000001}, {'name': 'Sparta Rotterdam', 'price': 4.0}, {'name': 'Draw', 'price': 3.45}]}]}, {'key': 'bovada', 'title': 'Bovada', 'last_update': '2022-08-05T11:35:43Z', 'markets': [{'key': 'h2h', 'outcomes': [{'name': 'Heerenveen', 'price': 1.9500000000000002}, {'name': 'Sparta Rotterdam', 'price': 3.85}, {'name': 'Draw', 'price': 3.35}]}, {'key': 'spreads', 'outcomes': [{'name': 'Heerenveen', 'price': 1.9500000000000002, 'point': -0.5}, {'name': 'Sparta Rotterdam', 'price': 1.87, 'point': 0.5}]}]}, {'key': 'williamhill_us', 'title': 'William Hill (US)', 'last_update': '2022-08-05T11:31:36Z', 'markets': [{'key': 'h2h', 'outcomes': [{'name': 'Heerenveen', 'price': 1.99}, {'name': 'Sparta Rotterdam', 'price': 3.9}, {'name': 'Draw', 'price': 3.4}]}]}, {'key': 'wynnbet', 'title': 'WynnBET', 'last_update': '2022-08-05T11:36:38Z', 'markets': [{'key': 'h2h', 'outcomes': [{'name': 'Heerenveen', 'price': 1.9500000000000002}, {'name': 'Sparta Rotterdam', 'price': 4.0}, {'name': 'Draw', 'price': 3.5}]}]}, {'key': 'intertops', 'title': 'Intertops', 'last_update': '2022-08-05T11:30:36Z', 'markets': [{'key': 'h2h', 'outcomes': [{'name': 'Heerenveen', 'price': 1.9}, {'name': 'Sparta Rotterdam', 'price': 3.9}, {'name': 'Draw', 'price': 3.4}]}]}, {'key': 'betfair', 'title': 'Betfair', 'last_update': '2022-08-05T11:34:09Z', 'markets': [{'key': 'h2h', 'outcomes': [{'name': 'Heerenveen', 'price': 2.0}, {'name': 'Sparta Rotterdam', 'price': 4.3}, {'name': 'Draw', 'price': 3.55}]}, {'key': 'h2h_lay', 'outcomes': [{'name': 'Heerenveen', 'price': 2.04}, {'name': 'Sparta Rotterdam', 'price': 4.5}, {'name': 'Draw', 'price': 3.65}]}]}, {'key': 'betus', 'title': 'BetUS', 'last_update': '2022-08-05T11:36:36Z', 'markets': [{'key': 'h2h', 'outcomes': [{'name': 'Heerenveen', 'price': 1.9100000000000001}, {'name': 'Sparta Rotterdam', 'price': 4.15}, {'name': 'Draw', 'price': 3.6}]}, {'key': 'spreads', 'outcomes': [{'name': 'Heerenveen', 'price': 1.9100000000000001, 'point': -0.5}, {'name': 'Sparta Rotterdam', 'price': 1.83, 'point': 0.5}]}]}, {'key': 'lowvig', 'title': 'LowVig.ag', 'last_update': '2022-08-05T11:31:03Z', 'markets': [{'key': 'h2h', 'outcomes': [{'name': 'Heerenveen', 'price': 1.9500000000000002}, {'name': 'Sparta Rotterdam', 'price': 3.9}, {'name': 'Draw', 'price': 3.55}]}, {'key': 'spreads', 'outcomes': [{'name': 'Heerenveen', 'price': 1.9500000000000002, 'point': -0.5}, {'name': 'Sparta Rotterdam', 'price': 1.87, 'point': 0.5}]}]}]"
13,b6d18d275d2b1d9bf30a4f421e808b5f,soccer_turkey_super_league,Turkey Super League,2022-08-05 18:00:00+00:00,Istanbulspor,Trabzonspor,"[{'key': 'unibet', 'title': 'Unibet', 'last_update': '2022-08-05T11:35:49Z', 'markets': [{'key': 'h2h', 'outcomes': [{'name': 'Istanbulspor', 'price': 5.0}, {'name': 'Trabzonspor', 'price': 1.62}, {'name': 'Draw', 'price': 3.9}]}]}, {'key': 'bovada', 'title': 'Bovada', 'last_update': '2022-08-05T11:30:41Z', 'markets': [{'key': 'h2h', 'outcomes': [{'name': 'Istanbulspor', 'price': 4.8}, {'name': 'Trabzonspor', 'price': 1.69}, {'name': 'Draw', 'price': 3.65}]}, {'key': 'spreads', 'outcomes': [{'name': 'Istanbulspor', 'price': 1.9500000000000002, 'point': 0.75}, {'name': 'Trabzonspor', 'price': 1.87, 'point': -0.75}]}]}, {'key': 'twinspires', 'title': 'TwinSpires', 'last_update': '2022-08-05T11:34:56Z', 'markets': [{'key': 'h2h', 'outcomes': [{'name': 'Istanbulspor', 'price': 5.0}, {'name': 'Trabzonspor', 'price': 1.62}, {'name': 'Draw', 'price': 3.9}]}]}, {'key': 'barstool', 'title': 'Barstool Sportsbook', 'last_update': '2022-08-05T11:34:55Z', 'markets': [{'key': 'h2h', 'outcomes': [{'name': 'Istanbulspor', 'price': 5.0}, {'name': 'Trabzonspor', 'price': 1.62}, {'name': 'Draw', 'price': 3.9}]}]}, {'key': 'intertops', 'title': 'Intertops', 'last_update': '2022-08-05T11:34:47Z', 'markets': [{'key': 'h2h', 'outcomes': [{'name': 'Istanbulspor', 'price': 5.0}, {'name': 'Trabzonspor', 'price': 1.57}, {'name': 'Draw', 'price': 3.75}]}]}, {'key': 'foxbet', 'title': 'FOX Bet', 'last_update': '2022-08-05T11:34:53Z', 'markets': [{'key': 'h2h', 'outcomes': [{'name': 'Istanbulspor', 'price': 5.0}, {'name': 'Trabzonspor', 'price': 1.65}, {'name': 'Draw', 'price': 3.75}]}]}, {'key': 'betrivers', 'title': 'BetRivers', 'last_update': '2022-08-05T11:34:54Z', 'markets': [{'key': 'h2h', 'outcomes': [{'name': 'Istanbulspor', 'price': 5.0}, {'name': 'Trabzonspor', 'price': 1.62}, {'name': 'Draw', 'price': 3.9}]}]}, {'key': 'wynnbet', 'title': 'WynnBET', 'last_update': '2022-08-05T11:34:55Z', 'markets': [{'key': 'h2h', 'outcomes': [{'name': 'Istanbulspor', 'price': 5.15}, {'name': 'Trabzonspor', 'price': 1.65}, {'name': 'Draw', 'price': 4.0}]}]}, {'key': 'gtbets', 'title': 'GTbets', 'last_update': '2022-08-05T11:32:13Z', 'markets': [{'key': 'h2h', 'outcomes': [{'name': 'Istanbulspor', 'price': 5.11}, {'name': 'Trabzonspor', 'price': 1.6099999999999999}, {'name': 'Draw', 'price': 4.1}]}, {'key': 'spreads', 'outcomes': [{'name': 'Istanbulspor', 'price': 1.46, 'point': 1.5}, {'name': 'Trabzonspor', 'price': 2.68, 'point': -1.5}]}]}, {'key': 'betfair', 'title': 'Betfair', 'last_update': '2022-08-05T11:36:44Z', 'markets': [{'key': 'h2h', 'outcomes': [{'name': 'Istanbulspor', 'price': 5.4}, {'name': 'Trabzonspor', 'price': 1.6800000000000002}, {'name': 'Draw', 'price': 4.2}]}, {'key': 'h2h_lay', 'outcomes': [{'name': 'Istanbulspor', 'price': 5.9}, {'name': 'Trabzonspor', 'price': 1.71}, {'name': 'Draw', 'price': 4.4}]}]}, {'key': 'betus', 'title': 'BetUS', 'last_update': '2022-08-05T11:34:54Z', 'markets': [{'key': 'h2h', 'outcomes': [{'name': 'Istanbulspor', 'price': 4.9}, {'name': 'Trabzonspor', 'price': 1.71}, {'name': 'Draw', 'price': 3.8}]}, {'key': 'spreads', 'outcomes': [{'name': 'Istanbulspor', 'price': 2.1, 'point': 0.5}, {'name': 'Trabzonspor', 'price': 1.71, 'point': -0.5}]}]}, {'key': 'betonlineag', 'title': 'BetOnline.ag', 'last_update': '2022-08-05T11:32:46Z', 'markets': [{'key': 'h2h', 'outcomes': [{'name': 'Istanbulspor', 'price': 5.05}, {'name': 'Trabzonspor', 'price': 1.6600000000000001}, {'name': 'Draw', 'price': 4.0}]}, {'key': 'spreads', 'outcomes': [{'name': 'Istanbulspor', 'price': 2.0, 'point': 0.75}, {'name': 'Trabzonspor', 'price': 1.83, 'point': -0.75}]}]}]"
